<?xml version="1.0" encoding="UTF-8"?>
<project-private xmlns="http://www.netbeans.org/ns/project-private/1">
    <editor-bookmarks xmlns="http://www.netbeans.org/ns/editor-bookmarks/2" lastBookmarkId="0"/>
    <open-files xmlns="http://www.netbeans.org/ns/projectui-open-files/2">
        <group>
            <file>file:/E:/pbo/project/JoinPS-Station/JoinPs/JoinPS-Java/src/view/login_joiners.java</file>
            <file>file:/E:/pbo/project/JoinPS-Station/JoinPs/JoinPS-Java/src/view/home.java</file>
            <file>file:/E:/pbo/project/JoinPS-Station/JoinPs/JoinPS-Java/src/view/rental.java</file>
            <file>file:/E:/pbo/project/JoinPS-Station/JoinPs/JoinPS-Java/src/view/register_user.java</file>
            <file>file:/E:/pbo/project/JoinPS-Station/JoinPs/JoinPS-Java/src/view/input_main.java</file>
        </group>
    </open-files>
</project-private>
